model_id,n,mean_confidence_0_100,sd_confidence,pct_confidence_ge_95
claude_haiku,267,90.13857677902622,10.839199374474534,0.47191011235955055
llama3.1,360,86.70833333333333,5.362714306708502,0.075
mistral,359,97.86908077994428,3.0337242248146628,0.9721448467966574
