model_id,dk_slope,dk_p_value,dk_r_squared,hard_easy_corr,hard_easy_corr_p
claude_haiku,0.03192207792207795,0.5130682669092625,0.47947818048901025,0.6924436298277356,0.5130682669092625
llama3.1,0.12145833333333343,0.0684540453380565,0.9884823585523892,0.9942245010823205,0.06845404533805662
mistral,0.0951453081232494,0.4587828491293944,0.5645629742686932,0.7513740574898053,0.45878284912939477
