model_id,domain,ece,n
claude_haiku,Humanities,0.06484536082474239,97
claude_haiku,STEM,0.07530864197530845,81
claude_haiku,Social_Science,0.07191011235955058,89
llama3.1,Humanities,0.12791666666666662,120
llama3.1,STEM,0.41333333333333366,120
llama3.1,Social_Science,0.1516666666666669,120
mistral,Humanities,0.29125,120
mistral,STEM,0.6563025210084034,119
mistral,Social_Science,0.39249999999999996,120
