model_id,n,accuracy,mean_confidence,overconfidence_gap,ece
claude_haiku,267,0.9213483146067416,0.9013857677902622,-0.019962546816479354,0.04835205992509363
llama3.1,360,0.6361111111111111,0.8670833333333333,0.23097222222222225,0.23097222222222216
mistral,359,0.5376044568245125,0.978690807799443,0.44108635097493043,0.44610027855153206
