model_id,n,accuracy,mean_confidence,overconfidence_gap,ece
gemini_flash,15,0.7333333333333333,0.99,0.2566666666666667,0.2566666666666667
llama3.1,360,0.6361111111111111,0.8670833333333334,0.23097222222222236,0.23097222222222216
mistral,359,0.5376044568245125,0.978690807799443,0.44108635097493043,0.44610027855153206
