bin_lo,bin_hi,bin_center,accuracy,confidence,count
0.5,0.6000000000000001,0.55,0.0,0.6,1
0.8,0.9,0.8500000000000001,0.5594405594405595,0.8087412587412585,143
0.9,1.0,0.95,0.6898148148148148,0.9069444444444446,216
