bin_lo,bin_hi,bin_center,accuracy,confidence,count
0.8,0.9,0.8500000000000001,1.0,0.85,6
0.9,1.0,0.95,0.5297450424929179,0.9808781869688386,353
