bin_lo,bin_hi,bin_center,accuracy,confidence,count
0.1,0.2,0.15000000000000002,1.0,0.15,2
0.4,0.5,0.45,0.6666666666666666,0.45,3
0.7000000000000001,0.8,0.75,0.6666666666666666,0.7527272727272727,33
0.8,0.9,0.8500000000000001,0.8076923076923077,0.8442307692307693,26
0.9,1.0,0.95,0.9802955665024631,0.9469458128078818,203
