model_id,difficulty,n,accuracy,mean_confidence,overconfidence_gap,ece
gemini_flash,easy,13,0.6923076923076923,0.9923076923076923,0.30000000000000004,0.30000000000000004
gemini_flash,medium,1,1.0,0.95,-0.050000000000000044,0.050000000000000044
gemini_flash,hard,1,1.0,1.0,0.0,0.0
llama3.1,easy,120,0.7583333333333333,0.8754166666666666,0.11708333333333332,0.11708333333333346
llama3.1,medium,120,0.6416666666666667,0.8575,0.21583333333333332,0.21583333333333315
llama3.1,hard,120,0.5083333333333333,0.8683333333333334,0.3600000000000001,0.36
mistral,easy,120,0.5833333333333334,0.9779166666666667,0.3945833333333333,0.3945833333333332
mistral,medium,120,0.625,0.97,0.345,0.35999999999999993
mistral,hard,119,0.40336134453781514,0.988235294117647,0.5848739495798319,0.5848739495798319
