bin_lo,bin_hi,bin_center,accuracy,confidence,count
0.8,0.9,0.8500000000000001,1.0,0.85,10
0.9,1.0,0.95,0.8758364312267658,0.9922490706319703,2690
