bin_lo,bin_hi,bin_center,accuracy,confidence,count
0.5,0.6000000000000001,0.55,0.0,0.6,5
0.7000000000000001,0.8,0.75,0.8181818181818182,0.75,22
0.8,0.9,0.8500000000000001,0.649316851008458,0.8472674040338318,1537
0.9,1.0,0.95,0.8045774647887324,0.906029929577465,1136
