n,slope,se,ci_lo,ci_hi,p_value,r_squared,spearman_rho,spearman_p,model_id,hard_minus_easy_gap,hard_gt_easy_p_boot
2700,0.02621666666666673,0.006624270808870144,0.013227507363544146,0.03920582596978931,7.763811614482804e-05,0.005771953873482727,0.04211209845283075,0.028657496726485678,claude_haiku,0.05243333333333333,0.0
2700,0.16291666666666704,0.010026937122557053,0.1432554107541085,0.1825779225792256,1.0428718045729258e-56,0.08912719504316657,0.2222410476300119,1.448949075985994e-31,gpt4o_mini,0.3258333333333333,0.0
2700,0.07363888888888905,0.0075398643417408425,0.05885439382753607,0.08842338395024202,3.6313433450033663e-22,0.03414729792169069,0.18030402582974456,3.656766218739815e-21,gemini_flash,0.14727777777777784,0.0
